Smith,Michael,110604407,93
Johnson,Christopher,110604410,66
Williams,Jessica,110604418,102
Brown,Matthew,110604426,76
Jones,Ashley,110604436,93
Miller,Jennifer,110604442,50
Davis,Joshua,110604444,92
Garcia,Amanda,110604449,52
Rodriguez,Daniel,110604458,56
Wilson,David,110604470,71
Martinez,James,110604475,76
Anderson,Robert,110604484,67
Taylor,John,110604490,101
Thomas,Joseph,110604492,87
Hernandez,Andrew,110604505,65
Moore,Ryan,110604516,69
Martin,Brandon,110604518,80
Jackson,Jason,110604522,94
Thompson,Justin,110604532,81
White,Sarah,110604540,97
Lopez,William,110604542,65
Lee,Jonathan,110604552,99
Gonzalez,Stephanie,110604557,72
Harris,Brian,110604561,101
Clark,Nicole,110604563,99
Lewis,Nicholas,110604571,58
Robinson,Anthony,110604577,82
Walker,Heather,110604585,82
Perez,Eric,110604592,78
Hall,Elizabeth,110604598,47
Young,Adam,110604647,51
Allen,Megan,110604668,98
Sanchez,Melissa,110604718,67
Wright,Kevin,110604758,91
King,Steven,110604790,79
Scott,Thomas,110604828,68
Green,Timothy,110604846,53
Baker,Christina,110604856,64
Adams,Kyle,110604880,66
Nelson,Rachel,110604907,105
Hill,Laura,110604951,71
Ramirez,Lauren,110604962,81
Campbell,Amber,110605000,70
Mitchell,Brittany,110605034,64
Roberts,Danielle,110605076,51
Carter,Richard,110605113,54
Phillips,Kimberly,110605142,105
Evans,Jeffrey,110605157,96
Turner,Amy,110605171,53
Torres,Crystal,110605183,61
Parker,Michelle,110605185,71
Collins,Tiffany,110605213,54
Edwards,Jeremy,110605262,91
Stewart,Benjamin,110605299,55
Flores,Mark,110605348,94
Morris,Emily,110605381,65
Nguyen,Aaron,110605418,76
Murphy,Charles,110605448,81
Rivera,Rebecca,110605490,91
Cook,Jacob,110605513,79
Rogers,Stephen,110605564,53
Morgan,Patrick,110605616,86
Peterson,Sean,110605667,104
Cooper,Erin,110605675,68
Reed,Zachary,110605721,72
Bailey,Jamie,110605730,66
Bell,Kelly,110605749,50
Gomez,Samantha,110605750,86
Kelly,Nathan,110605784,47
Howard,Sara,110605803,100
Ward,Dustin,110605854,93
Cox,Paul,110605891,68
Diaz,Angela,110605929,103
Richardson,Tyler,110605969,101
Wood,Scott,110606018,103
Watson,Katherine,110606035,104
Brooks,Andrea,110606037,94
Bennett,Gregory,110606060,60
Gray,Erica,110606066,82
James,Mary,110606115,94
Reyes,Travis,110606126,87
Cruz,Lisa,110606163,68
Hughes,Kenneth,110606182,71
Price,Bryan,110606195,78
Myers,Lindsey,110606218,49
Long,Kristen,110606236,94
Foster,Jose,110606239,100
Sanders,Alexander,110606258,90
Ross,Jesse,110606299,48
Morales,Katie,110606352,97
Powell,Lindsay,110606389,100
Sullivan,Shannon,110606438,85
Russell,Vanessa,110606458,61
Ortiz,Courtney,110606498,87
Jenkins,Christine,110606531,96
Gutierrez,Alicia,110606574,100
Perry,Cody,110606581,70
Butler,Allison,110606629,86
Barnes,Bradley,110606630,59
Fisher,Samuel,110606638,70
Henderson,Shawn,110606690,55
Coleman,April,110606728,63
Simmons,Derek,110606729,56
Patterson,Kathryn,110606771,77
Jordan,Kristin,110606814,80
Reynolds,Chad,110606842,70
Hamilton,Jenna,110606885,53
Graham,Tara,110606908,105
Kim,Maria,110606944,105
Gonzales,Krystal,110606968,99
Alexander,Jared,110606997,75
Ramos,Anna,110607015,98
Wallace,Edward,110607050,58
Griffin,Julie,110607061,51
West,Peter,110607079,80
Cole,Holly,110607094,76
Hayes,Marcus,110607144,54
Chavez,Kristina,110607150,92
Gibson,Natalie,110607163,74
Bryant,Jordan,110607184,56
Ellis,Victoria,110607217,48
Stevens,Jacqueline,110607236,77
Murray,Corey,110607263,77
Ford,Keith,110607308,66
Marshall,Monica,110607328,90
Owens,Juan,110607336,77
Mcdonald,Donald,110607355,78
Harrison,Cassandra,110607398,105
Ruiz,Meghan,110607406,81
Kennedy,Joel,110607447,88
Wells,Shane,110607479,58
Alvarez,Phillip,110607527,75
Woods,Patricia,110607571,90
Mendoza,Brett,110607583,49
Castillo,Ronald,110607588,71
Olson,Catherine,110607624,84
Webb,George,110607655,107
Washington,Antonio,110607700,78
Tucker,Cynthia,110607743,101
Freeman,Stacy,110607770,74
Burns,Kathleen,110607772,49
Henry,Raymond,110607802,54
Vasquez,Carlos,110607808,99
Snyder,Brandi,110607825,99
Simpson,Douglas,110607849,68
Crawford,Nathaniel,110607879,56
Jimenez,Ian,110607904,72
Porter,Craig,110607946,79
Mason,Brandy,110607960,54
Shaw,Alex,110607965,72
Gordon,Valerie,110608015,99
Wagner,Veronica,110608042,87
Hunter,Cory,110608053,55
Romero,Whitney,110608077,89
Hicks,Gary,110608089,86
Dixon,Derrick,110608117,79
Hunt,Philip,110608126,90
Palmer,Luis,110608162,48
Robertson,Diana,110608172,69
Black,Chelsea,110608184,73
Holmes,Leslie,110608211,84
Stone,Caitlin,110608250,70
Meyer,Leah,110608271,80
Boyd,Natasha,110608289,103
Mills,Erika,110608295,82
Warren,Casey,110608302,89
Fox,Latoya,110608337,102
Rose,Erik,110608385,71
Rice,Dana,110608397,52
Moreno,Victor,110608438,68
Schmidt,Brent,110608478,62
Patel,Dominique,110608522,83
Ferguson,Frank,110608575,99
Nichols,Brittney,110608580,71
Herrera,Evan,110608602,91
Medina,Gabriel,110608625,56
Ryan,Julia,110608678,106
Fernandez,Candice,110608730,70
Weaver,Karen,110608772,91
Daniels,Melanie,110608806,54
Stephens,Adrian,110608844,85
Gardner,Stacey,110608890,67
Payne,Margaret,110608922,75
Kelley,Sheena,110608972,80
Dunn,Wesley,110609015,66
Pierce,Vincent,110609030,78
Arnold,Alexandra,110609031,98
Tran,Katrina,110609042,95
Spencer,Bethany,110609046,107
Peters,Nichole,110609049,47
Hawkins,Larry,110609074,49
Grant,Jeffery,110609117,79
Hansen,Curtis,110609157,47
Castro,Carrie,110609178,95
Hoffman,Todd,110609208,79
Hart,Blake,110609256,69
Elliott,Christian,110609294,91
Cunningham,Randy,110609345,104
Knight,Dennis,110609395,61
Bradley,Alison,110609421,104
Carroll,Trevor,110609447,84
Hudson,Seth,110609484,80
Duncan,Kara,110609495,92
Armstrong,Joanna,110609537,51
Berry,Rachael,110609578,72
Andrews,Luke,110609592,101
Johnston,Felicia,110609615,82
Ray,Brooke,110609664,106
Lane,Austin,110609667,52
Riley,Candace,110609700,104
Carpenter,Jasmine,110609707,56
Perkins,Jesus,110609758,61
Aguilar,Alan,110609790,62
Silva,Susan,110609804,71
Richards,Sandra,110609840,66
Willis,Tracy,110609845,64
Matthews,Kayla,110609860,72
Chapman,Nancy,110609867,58
Lawrence,Tina,110609876,99
Garza,Krystle,110609909,96
Vargas,Russell,110609925,68
Watkins,Jeremiah,110609973,72
Wheeler,Carl,110609979,59
Larson,Miguel,110609999,49
Carlson,Tony,110610001,55
Harper,Alexis,110610003,89
George,Gina,110610047,84
Greene,Jillian,110610054,54
Burke,Pamela,110610072,105
Guzman,Mitchell,110610095,59
Morrison,Hannah,110610103,55
Munoz,Renee,110610122,64
Jacobs,Denise,110610125,84
Obrien,Molly,110610157,96
Lawson,Jerry,110610159,75
Franklin,Misty,110610192,98
Lynch,Mario,110610239,104
Bishop,Johnathan,110610290,81
Carr,Jaclyn,110610323,80
Salazar,Brenda,110610337,90
Austin,Terry,110610348,68
Mendez,Lacey,110610379,104
Gilbert,Shaun,110610384,80
Jensen,Devin,110610417,68
Williamson,Heidi,110610468,77
Montgomery,Troy,110610489,56
Harvey,Lucas,110610496,70
Oliver,Desiree,110610514,95
Howell,Jorge,110610526,101
Dean,Andre,110610552,77
Hanson,Morgan,110610553,98
Weber,Drew,110610560,74
Garrett,Sabrina,110610584,75
Sims,Miranda,110610622,81
Burton,Alyssa,110610667,86
Fuller,Alisha,110610674,94
Soto,Teresa,110610700,67
Mccoy,Johnny,110610750,65
Welch,Meagan,110610797,105
Chen,Allen,110610816,107
Schultz,Krista,110610827,87
Walters,Marc,110610835,54
Reid,Tabitha,110610861,95
Fields,Lance,110610870,58
Walsh,Ricardo,110610879,63
Little,Martin,110610901,89
Fowler,Chase,110610931,80
Bowman,Theresa,110610936,105
Davidson,Melinda,110610978,66
May,Monique,110611010,74
Day,Tanya,110611058,58
Schneider,Linda,110611079,94
Newman,Kristopher,110611119,79
Brewer,Bobby,110611160,79
Lucas,Caleb,110611179,83
Holland,Ashlee,110611228,83
Wong,Kelli,110611229,48
Banks,Henry,110611249,59
Santos,Garrett,110611270,85
Curtis,Mallory,110611300,83
Pearson,Jill,110611323,73
Delgado,Jonathon,110611343,48
Valdez,Kristy,110611363,72
Pena,Anne,110611371,77
Rios,Francisco,110611404,66
Douglas,Danny,110611423,105
Sandoval,Robin,110611441,103
Barrett,Lee,110611479,90
Hopkins,Tamara,110611503,60
Keller,Manuel,110611540,80
Guerrero,Meredith,110611579,74
Stanley,Colleen,110611604,103
Bates,Lawrence,110611631,69
Alvarado,Christy,110611640,105
Beck,Ricky,110611644,91
Ortega,Randall,110611667,49
Wade,Marissa,110611704,103
Estrada,Ross,110611726,91
Contreras,Mathew,110611775,76
Barnett,Jimmy,110611805,53
Caldwell,Abigail,110611847,85
Santiago,Kendra,110611851,55
Lambert,Carolyn,110611903,60
Powers,Billy,110611933,54
Chambers,Deanna,110611968,60
Nunez,Jenny,110611991,73
Craig,Jon,110612033,49
Leonard,Albert,110612038,83
Lowe,Taylor,110612074,65
Rhodes,Lori,110612089,102
Byrd,Rebekah,110612110,103
Gregory,Cameron,110612148,80
Shelton,Ebony,110612149,94
Frazier,Wendy,110612154,63
Becker,Angel,110612196,88
Maldonado,Micheal,110612245,94
Fleming,Kristi,110612256,58
Vega,Caroline,110612264,80
Sutton,Colin,110612266,105
Cohen,Dawn,110612278,67
Jennings,Kari,110612327,55
Parks,Clayton,110612333,52
Mcdaniel,Arthur,110612352,90
Watts,Roger,110612359,97
Barker,Roberto,110612407,103
Norris,Priscilla,110612409,68
Vaughn,Darren,110612436,55
Vazquez,Kelsey,110612486,61
Holt,Clinton,110612525,67
Schwartz,Walter,110612574,92
Steele,Louis,110612575,56
Benson,Barbara,110612577,83
Neal,Isaac,110612606,74
Dominguez,Cassie,110612636,55
Horton,Grant,110612666,49
Terry,Cristina,110612684,57
Wolfe,Tonya,110612690,94
Hale,Rodney,110612741,61
Lyons,Bridget,110612787,88
Graves,Joe,110612831,107
Haynes,Cindy,110612883,53
Miles,Oscar,110612915,60
Park,Willie,110612934,74
Warner,Maurice,110612950,72
Padilla,Jaime,110612984,56
Bush,Angelica,110613004,99
Thornton,Sharon,110613033,95
Mccarthy,Julian,110613076,82
Mann,Jack,110613127,103
Zimmerman,Jay,110613165,56
Erickson,Calvin,110613207,106
Fletcher,Marie,110613208,47
Mckinney,Hector,110613244,94
Page,Kate,110613292,76
Dawson,Adrienne,110613294,105
Joseph,Tasha,110613344,79
Marquez,Michele,110613368,95
Reeves,Ana,110613389,91
Klein,Stefanie,110613425,77
Espinoza,Cara,110613431,71
Baldwin,Alejandro,110613463,71
Moran,Ruben,110613472,67
Love,Gerald,110613513,54
Robbins,Audrey,110613549,79
Higgins,Kristine,110613554,68
Ball,Ann,110613606,50
Cortez,Shana,110613611,89
Le,Javier,110613642,50
Griffith,Katelyn,110613656,81
Bowen,Brianna,110613664,101
Sharp,Bruce,110613714,82
Cummings,Deborah,110613734,69
Ramsey,Claudia,110613776,57
Hardy,Carla,110613793,85
Swanson,Wayne,110613841,54
Barber,Roy,110613846,82
Acosta,Virginia,110613869,73
Luna,Haley,110613898,57
Chandler,Brendan,110613911,59
Blair,Janelle,110613934,47
Daniel,Jacquelyn,110613963,72
Cross,Beth,110614004,98
Simon,Edwin,110614039,94
Dennis,Dylan,110614092,72
Oconnor,Dominic,110614107,73
Quinn,Latasha,110614116,104
Gross,Darrell,110614150,54
Navarro,Geoffrey,110614166,50
Moss,Savannah,110614204,59
Fitzgerald,Reginald,110614213,58
Doyle,Carly,110614245,92
Mclaughlin,Fernando,110614256,95
Rojas,Ashleigh,110614280,57
Rodgers,Aimee,110614285,67
Stevenson,Regina,110614311,62
Singh,Mandy,110614321,53
Yang,Sergio,110614332,83
Figueroa,Rafael,110614379,83
Harmon,Pedro,110614407,86
Newton,Janet,110614452,94
Paul,Kaitlin,110614487,73
Manning,Frederick,110614528,73
Garner,Cheryl,110614536,83
Mcgee,Autumn,110614577,93
Reese,Tyrone,110614609,63
Francis,Martha,110614625,59
Burgess,Omar,110614666,56
Adkins,Lydia,110614700,55
Goodman,Jerome,110614716,55
Curry,Theodore,110614765,92
Brady,Abby,110614797,102
Christensen,Neil,110614821,60
Potter,Shawna,110614825,73
Walton,Sierra,110614846,86
Goodwin,Nina,110614863,70
Mullins,Tammy,110614888,100
Molina,Nikki,110614896,92
Webster,Terrance,110614923,90
Fischer,Donna,110614924,107
Campos,Claire,110614939,96
Avila,Cole,110614953,53
Sherman,Trisha,110614954,87
Todd,Bonnie,110614979,102
Chang,Diane,110615012,86
Blake,Summer,110615065,56
Malone,Carmen,110615070,96
Wolf,Mayra,110615077,59
Hodges,Jermaine,110615108,48
Juarez,Eddie,110615131,70
Gill,Micah,110615162,72
Farmer,Marvin,110615185,70
Hines,Levi,110615209,74
Gallagher,Emmanuel,110615215,58
Duran,Brad,110615238,65
Hubbard,Taryn,110615282,58
Cannon,Toni,110615301,103
Miranda,Jessie,110615307,98
Wang,Evelyn,110615330,63
Saunders,Darryl,110615350,86
Tate,Ronnie,110615379,77
Mack,Joy,110615418,83
Hammond,Adriana,110615453,87
Carrillo,Ruth,110615480,106
Townsend,Mindy,110615512,72
Wise,Spencer,110615516,73
Ingram,Noah,110615549,67
Barton,Raul,110615552,88
Mejia,Suzanne,110615587,51
Ayala,Sophia,110615639,52
Schroeder,Dale,110615644,64
Hampton,Jodi,110615654,104
Rowe,Christie,110615691,103
Parsons,Raquel,110615722,94
Frank,Naomi,110615744,101
Waters,Kellie,110615770,93
Strickland,Ernest,110615796,47
Osborne,Jake,110615834,72
Maxwell,Grace,110615861,74
Chan,Tristan,110615896,59
Deleon,Shanna,110615937,65
Norman,Hilary,110615961,54
Harrington,Eduardo,110615976,94
Casey,Ivan,110615994,85
Patton,Hillary,110616020,51
Logan,Yolanda,110616034,74
Bowers,Alberto,110616050,77
Mueller,Andres,110616092,82
Glover,Olivia,110616118,90
Floyd,Armando,110616133,72
Hartman,Paula,110616174,101
Buchanan,Amelia,110616180,88
Cobb,Sheila,110616214,54
French,Rosa,110616257,106
Kramer,Robyn,110616266,48
Mccormick,Kurt,110616300,92
Clarke,Dane,110616306,102
Tyler,Glenn,110616318,85
Gibbs,Nicolas,110616336,86
Moody,Gloria,110616376,90
Conner,Eugene,110616396,76
Sparks,Logan,110616401,84
Mcguire,Steve,110616423,103
Leon,Ramon,110616470,88
Bauer,Bryce,110616506,56
Norton,Tommy,110616558,69
Pope,Preston,110616600,70
Flynn,Keri,110616642,101
Hogan,Devon,110616683,86
Robles,Alana,110616732,82
Salinas,Marisa,110616745,99
Yates,Melody,110616748,62
Lindsey,Rose,110616796,97
Lloyd,Barry,110616816,75
Marsh,Marco,110616859,87
Mcbride,Karl,110616897,67
Owen,Daisy,110616908,60
Solis,Leonard,110616941,91
Pham,Randi,110616978,79
Lang,Maggie,110617018,47
Pratt,Charlotte,110617029,73
Lara,Emma,110617076,88
Brock,Terrence,110617116,100
Ballard,Justine,110617162,47
Trujillo,Britney,110617213,68
Shaffer,Lacy,110617259,70
Drake,Jeanette,110617276,76
Roman,Francis,110617328,68
Aguirre,Tyson,110617345,63
Morton,Elise,110617381,104
Stokes,Sylvia,110617434,73
Lamb,Rachelle,110617456,56
Pacheco,Stanley,110617465,66
Patrick,Debra,110617511,78
Cochran,Brady,110617514,71
Shepherd,Charity,110617538,52
Cain,Hope,110617555,101
Burnett,Melvin,110617569,74
Hess,Johanna,110617607,106
Li,Karla,110617653,59
Cervantes,Jarrod,110617658,99
Olsen,Charlene,110617684,84
Briggs,Gabrielle,110617708,53
Ochoa,Cesar,110617737,61
Cabrera,Clifford,110617747,105
Velasquez,Byron,110617785,94
Montoya,Terrell,110617790,103
Roth,Sonia,110617806,74
Meyers,Julio,110617817,65
Cardenas,Stacie,110617866,95
Fuentes,Shelby,110617888,87
Weiss,Shelly,110617924,67
Hoover,Edgar,110617933,62
Wilkins,Roxanne,110617956,102
Nicholson,Dwayne,110617999,107
Underwood,Kaitlyn,110618049,84
Short,Kasey,110618065,61
Carson,Jocelyn,110618115,63
Morrow,Alexandria,110618162,79
Colon,Harold,110618204,49
Holloway,Esther,110618206,76
Summers,Kerri,110618207,107
Bryan,Ellen,110618208,95
Petersen,Abraham,110618230,77
Mckenzie,Cedric,110618272,64
Serrano,Carol,110618299,104
Wilcox,Katharine,110618301,103
Carey,Shauna,110618351,67
Clayton,Frances,110618399,93
Poole,Antoine,110618439,48
Calderon,Tabatha,110618456,61
Gallegos,Annie,110618464,73
Greer,Erick,110618468,74
Rivas,Alissa,110618472,48
Guerra,Sherry,110618503,59
Decker,Chelsey,110618511,85
Collier,Franklin,110618535,47
Wall,Branden,110618564,53
Whitaker,Helen,110618607,101
Bass,Traci,110618657,97
Flowers,Lorenzo,110618672,105
Davenport,Dean,110618722,55
Conley,Sonya,110618746,59
Houston,Briana,110618768,88
Huff,Angelina,110618818,65
Copeland,Trista,110618847,92
Hood,Bianca,110618886,55
Monroe,Leticia,110618891,48
Massey,Tia,110618900,67
Roberson,Kristie,110618902,96
Combs,Stuart,110618911,67
Franco,Laurie,110618963,86
Larsen,Harry,110618993,61
Pittman,Leigh,110618995,106
Randall,Elisabeth,110619026,64
Skinner,Alfredo,110619077,92
Wilkinson,Aubrey,110619120,100
Kirby,Ray,110619123,91
Cameron,Arturo,110619155,98
Bridges,Joey,110619166,85
Anthony,Kelley,110619202,55
Richard,Max,110619210,78
Kirk,Andy,110619213,57
Bruce,Latisha,110619224,83
Singleton,Johnathon,110619270,68
Mathis,India,110619312,85
Bradford,Eva,110619322,54
Boone,Ralph,110619344,83
Abbott,Yvonne,110619389,54
Charles,Warren,110619412,101
Allison,Kirsten,110619451,78
Sweeney,Miriam,110619463,94
Atkinson,Kelvin,110619503,107
Horn,Lorena,110619542,106
Jefferson,Staci,110619551,66
Rosales,Anita,110619567,50
York,Rene,110619572,55
Christian,Cortney,110619600,88
Phelps,Orlando,110619601,50
Farrell,Carissa,110619635,54
Castaneda,Jade,110619645,106
Nash,Camille,110619654,64
Dickerson,Leon,110619681,100
Bond,Paige,110619733,89
Wyatt,Marcos,110619735,92
Foley,Elena,110619742,87
Chase,Brianne,110619787,64
Gates,Dorothy,110619825,73
Vincent,Marshall,110619868,100
Mathews,Daryl,110619921,85
Hodge,Colby,110619968,71
Garrison,Terri,110619991,78
Trevino,Gabriela,110620036,52
Villarreal,Brock,110620075,101
Heath,Gerardo,110620118,65
Dalton,Jane,110620166,79
Valencia,Nelson,110620201,105
Callahan,Tamika,110620225,80
Hensley,Alvin,110620251,76
Atkins,Chasity,110620299,94
Huffman,Trent,110620326,86
Roy,Jana,110620363,88
Boyer,Enrique,110620408,61
Shields,Tracey,110620460,57
Lin,Antoinette,110620479,65
Hancock,Jami,110620486,72
Grimes,Earl,110620503,90
Glenn,Gilbert,110620535,81
Cline,Damien,110620585,63
Delacruz,Janice,110620588,84
Camacho,Christa,110620598,58
Dillon,Tessa,110620633,56
Parrish,Kirk,110620648,104
Oneill,Yvette,110620695,99
Melton,Elijah,110620706,80
Booth,Howard,110620754,48
Kane,Elisa,110620794,72
Berg,Desmond,110620836,74
Harrell,Clarence,110620878,56
Pitts,Alfred,110620929,49
Savage,Darnell,110620976,99
Wiggins,Breanna,110621022,93
Brennan,Kerry,110621074,48
Salas,Nickolas,110621126,103
Marks,Maureen,110621166,57
Russo,Karina,110621210,89
Sawyer,Roderick,110621250,107
Baxter,Rochelle,110621263,91
Golden,Rhonda,110621312,92
Hutchinson,Keisha,110621349,78
Liu,Irene,110621400,77
Walter,Ethan,110621421,69
Mcdowell,Alice,110621450,96
Wiley,Allyson,110621483,68
Rich,Hayley,110621504,64
Humphrey,Trenton,110621552,74
Johns,Beau,110621565,72
Koch,Elaine,110621577,87
Suarez,Demetrius,110621610,75
Hobbs,Cecilia,110621636,95
Beard,Annette,110621663,78
Gilmore,Brandie,110621684,72
Ibarra,Katy,110621723,88
Keith,Tricia,110621731,72
Macias,Bernard,110621778,69
Khan,Wade,110621821,78
Andrade,Chance,110621826,65
Ware,Bryant,110621835,100
Stephenson,Zachery,110621850,70
Henson,Clifton,110621876,95
Wilkerson,Julianne,110621890,48
Dyer,Angelo,110621920,90
Mcclure,Elyse,110621943,83
Blackwell,Lyndsey,110621961,107
Mercado,Clarissa,110621964,54
Tanner,Meaghan,110621978,66
Eaton,Tanisha,110621994,92
Clay,Ernesto,110622003,78
Barron,Isaiah,110622045,84
Beasley,Xavier,110622051,61
Oneal,Clint,110622057,49
Preston,Jamal,110622079,57
Small,Kathy,110622109,63
Wu,Salvador,110622139,63
Zamora,Jena,110622170,79
Macdonald,Marisol,110622194,88
Vance,Darius,110622232,81
Snow,Guadalupe,110622274,79
Mcclain,Chris,110622304,106
Stafford,Patrice,110622307,96
Orozco,Jenifer,110622328,71
Barry,Lynn,110622329,63
English,Landon,110622375,82
Shannon,Brenton,110622385,89
Kline,Sandy,110622430,65
Jacobson,Jasmin,110622469,64
Woodard,Ariel,110622477,66
Huang,Sasha,110622488,83
Kemp,Juanita,110622532,93
Mosley,Israel,110622558,57
Prince,Ericka,110622565,48
Merritt,Quentin,110622602,90
Hurst,Jayme,110622647,60
Villanueva,Damon,110622658,49
Roach,Heath,110622664,83
Nolan,Kira,110622673,87
Lam,Ruby,110622679,93
Yoder,Rita,110622730,73
Mccullough,Tiara,110622780,99
Lester,Jackie,110622810,54
Santana,Jennie,110622821,89
Valenzuela,Collin,110622857,99
Winters,Lakeisha,110622907,107
Barrera,Kenny,110622930,72
Leach,Norman,110622949,105
Orr,Leanne,110622993,53
Berger,Hollie,110623002,104
Mckee,Destiny,110623008,98
Strong,Shelley,110623030,60
Conway,Amie,110623046,65
Stein,Callie,110623064,77
Whitehead,Hunter,110623113,106
Bullock,Duane,110623132,102
Escobar,Sally,110623133,97
Knox,Serena,110623184,73
Meadows,Lesley,110623196,88
Solomon,Connie,110623246,86
Velez,Dallas,110623259,57
Odonnell,Simon,110623280,68
Kerr,Neal,110623284,53
Stout,Laurel,110623313,51
Blankenship,Eileen,110623325,83
Browning,Lewis,110623349,106
Kent,Bobbie,110623382,58
Lozano,Faith,110623405,78
Bartlett,Brittani,110623448,95
Pruitt,Shayla,110623449,85
Buck,Eli,110623488,49
Barr,Judith,110623529,73
Gaines,Terence,110623580,107
Durham,Ciara,110623612,79
Gentry,Charlie,110623659,69
Mcintyre,Alyson,110623705,67
Sloan,Vernon,110623733,86
Melendez,Alma,110623743,92
Rocha,Quinton,110623761,95
Herman,Nora,110623763,76
Sexton,Lillian,110623791,52
Moon,Leroy,110623834,79
Hendricks,Joyce,110623859,98
Rangel,Chrystal,110623873,106
Stark,Marquita,110623924,70
Lowery,Lamar,110623927,74
Hardin,Ashlie,110623965,53
Hull,Kent,110623979,89
Sellers,Emanuel,110623997,93
Ellison,Joanne,110624036,69
Calhoun,Gavin,110624060,49
Gillespie,Yesenia,110624081,53
Mora,Perry,110624132,107
Knapp,Marilyn,110624161,88
Mccall,Graham,110624200,78
Morse,Constance,110624204,95
Dorsey,Lena,110624254,56
Weeks,Allan,110624270,89
Nielsen,Juliana,110624303,103
Livingston,Jayson,110624350,99
Leblanc,Shari,110624368,54
Mclean,Nadia,110624376,103
Bradshaw,Tanner,110624423,88
Glass,Isabel,110624440,60
Middleton,Becky,110624457,67
Buckley,Rudy,110624468,103
Schaefer,Blair,110624472,48
Frost,Christen,110624522,87
Howe,Rosemary,110624557,98
House,Marlon,110624575,95
Mcintosh,Glen,110624592,54
Ho,Genevieve,110624601,48
Pennington,Damian,110624610,73
Reilly,Michaela,110624635,104
Hebert,Shayna,110624643,69
Mcfarland,Marquis,110624692,72
Hickman,Fredrick,110624732,90
Noble,Celeste,110624738,86
Spears,Bret,110624774,104
Conrad,Betty,110624826,78
Arias,Kurtis,110624827,61
Galvan,Rickey,110624834,87
Velazquez,Dwight,110624866,60
Huynh,Rory,110624904,48
Frederick,Mia,110624940,54
Randolph,Josiah,110624960,63
Cantu,Norma,110624987,92
Fitzpatrick,Bridgette,110625035,99
Mahoney,Shirley,110625076,91
Peck,Sherri,110625086,75
Villa,Noelle,110625122,96
Michael,Chantel,110625146,87
Donovan,Alisa,110625147,95
Mcconnell,Zachariah,110625195,92
Walls,Jody,110625227,94
Boyle,Christin,110625257,55
Mayer,Julius,110625264,80
Zuniga,Gordon,110625303,85
Giles,Latonya,110625305,64
Pineda,Lara,110625311,96
Pace,Lucy,110625346,107
Hurley,Jarrett,110625372,90
Mays,Elisha,110625390,101
Mcmillan,Deandre,110625401,104
Crosby,Audra,110625445,83
Ayers,Beverly,110625471,47
Case,Felix,110625482,82
Bentley,Alejandra,110625514,75
Shepard,Nolan,110625539,91
Everett,Tiffani,110625587,56
Pugh,Lonnie,110625633,99
David,Don,110625666,102
Mcmahon,Darlene,110625672,55
Dunlap,Rodolfo,110625711,62
Bender,Terra,110625717,54
Hahn,Sheri,110625733,63
Harding,Iris,110625750,71
Acevedo,Maxwell,110625752,79
Raymond,Kendall,110625801,95
Blackburn,Ashly,110625848,58
Duffy,Kendrick,110625896,105
Landry,Jean,110625926,49
Dougherty,Jarvis,110625958,70
Bautista,Fred,110625994,47
Shah,Tierra,110626004,102
Potts,Abel,110626027,96
Arroyo,Pablo,110626058,78
Valentine,Maribel,110626092,50
Meza,Donovan,110626107,67
Gould,Stephan,110626131,59
Vaughan,Judy,110626153,97
Fry,Elliott,110626158,107
Rush,Tyrell,110626198,96
Avery,Chanel,110626207,89
Herring,Miles,110626235,94
Dodson,Fabian,110626263,80
Clements,Alfonso,110626279,60
Sampson,Cierra,110626326,106
Tapia,Mason,110626336,103
Bean,Larissa,110626338,94
Lynn,Elliot,110626380,90
Crane,Brenna,110626381,64
Farley,Bradford,110626419,55
Cisneros,Kristal,110626464,49
Benton,Gustavo,110626517,66
Ashley,Gretchen,110626545,68
Mckay,Derick,110626574,76
Finley,Jarred,110626616,105
Best,Pierre,110626655,106
Blevins,Lloyd,110626682,51
Friedman,Jolene,110626698,92
Moses,Marlene,110626717,107
Sosa,Leo,110626738,61
Blanchard,Jamar,110626760,52
Huber,Dianna,110626789,95
Frye,Noel,110626830,87
Krueger,Angie,110626871,101
Bernard,Tatiana,110626896,51
Rosario,Rick,110626915,50
Rubio,Leann,110626933,60
Mullen,Corinne,110626970,69
Benjamin,Sydney,110627004,65
Haley,Belinda,110627052,96
Chung,Lora,110627101,95
Moyer,Mackenzie,110627154,47
Choi,Herbert,110627166,92
Horne,Guillermo,110627211,50
Yu,Tameka,110627232,71
Woodward,Elias,110627268,52
Ali,Janine,110627318,83
Nixon,Ben,110627354,95
Hayden,Stefan,110627395,53
Rivers,Josephine,110627397,60
Estes,Dominick,110627403,79
Mccarty,Jameson,110627405,77
Richmond,Bobbi,110627455,55
Stuart,Blanca,110627471,97
Maynard,Josue,110627499,48
Brandt,Esmeralda,110627535,74
Oconnell,Darin,110627560,60
Hanna,Ashely,110627562,66
Sanford,Clay,110627606,80
Sheppard,Cassidy,110627642,91
Church,Roland,110627695,54
Burch,Ismael,110627743,103
Levy,Harrison,110627766,106
Rasmussen,Lorraine,110627767,82
Coffey,Owen,110627768,103
Ponce,Daniela,110627810,65
Faulkner,Rocky,110627829,79
Donaldson,Marisela,110627861,67
Schmitt,Saul,110627898,48
Novak,Kory,110627924,98
Costa,Dexter,110627945,65
Montes,Chandra,110627950,90
Booker,Gwendolyn,110628001,51
Cordova,Francesca,110628038,79
Waller,Alaina,110628072,82
Arellano,Mandi,110628100,85
Maddox,Fallon,110628142,48
Mata,Celia,110628186,56
Bonilla,Vivian,110628219,78
Stanton,Rolando,110628231,74
Compton,Raven,110628242,47
Kaufman,Lionel,110628272,76
Dudley,Carolina,110628287,71
Mcpherson,Tania,110628290,62
Beltran,Joann,110628334,105
Dickson,Casandra,110628381,77
Mccann,Betsy,110628422,73
Villegas,Tracie,110628441,70
Proctor,Dante,110628481,68
Hester,Trey,110628507,49
Cantrell,Margarita,110628558,99
Daugherty,Skyler,110628600,88
Cherry,Sade,110628631,69
Bray,Lyndsay,110628635,91
Davila,Jacklyn,110628667,99
Rowland,Marina,110628699,76
Levine,Rogelio,110628709,103
Madden,Racheal,110628757,96
Spence,Mollie,110628798,56
Good,Liliana,110628823,52
Irwin,Maegan,110628861,97
Werner,Felipe,110628868,56
Krause,Malcolm,110628873,66
Petty,Santana,110628879,100
Whitney,Anastasia,110628895,56
Baird,Madeline,110628904,72
Hooper,Breanne,110628928,58
Pollard,Tiffanie,110628947,81
Zavala,Dillon,110628952,59
Jarvis,Melisa,110628962,66
Holden,Darrin,110628991,49
Haas,Carlton,110628997,98
Hendrix,Cornelius,110629007,103
Mcgrath,Precious,110629023,85
Bird,Ivy,110629044,100
Lucero,Lea,110629050,71
Terrell,Susana,110629089,57
Riggs,Loren,110629106,61
Joyce,Jeff,110629122,68
Mercer,Chiquita,110629175,72
Rollins,Teri,110629222,68
Galloway,Tera,110629224,52
Duke,Caitlyn,110629251,95
Odom,Hailey,110629255,83
Andersen,Donte,110629308,67
Downs,Oliver,110629317,100
Hatfield,Natalia,110629367,60
Benitez,Cherie,110629402,55
Archer,Lakisha,110629428,67
Huerta,Karissa,110629450,82
Travis,Jeannette,110629476,69
Mcneil,Ariana,110629498,83
Hinton,Lucia,110629540,75
Zhang,Jerrod,110629591,68
Hays,Kassandra,110629640,51
Mayo,Guy,110629641,75
Fritz,Milton,110629644,95
Branch,Micaela,110629648,73
Mooney,Krystina,110629693,47
Ewing,Esteban,110629698,93
Ritter,Gilberto,110629735,107
Esparza,Chelsie,110629745,60
Frey,Antwan,110629783,80
Braun,Cathy,110629825,70
Gay,Ty,110629868,72
Riddle,Shante,110629890,79
Haney,Roman,110629910,74
Kaiser,Kylie,110629955,80
Holder,Mercedes,110629965,85
Chaney,Dena,110629998,78
Mcknight,Christi,110630005,59
Gamble,Latrice,110630012,71
Vang,Kellen,110630039,88
Cooley,Freddie,110630041,59
Carney,Clara,110630051,76
Cowan,Rosanna,110630092,78
Forbes,Demarcus,110630106,106
Ferrell,Domonique,110630145,76
Davies,Alvaro,110630196,101
Barajas,Shaina,110630239,106
Shea,Nathanael,110630292,84
Osborn,Kacie,110630328,100
Bright,Jodie,110630369,93
Cuevas,Dusty,110630385,48
Bolton,Sidney,110630438,102
Murillo,Adrianne,110630483,57
Lutz,Mike,110630528,76
Duarte,Chloe,110630544,69
Kidd,Alecia,110630591,50
Key,Sam,110630612,84
Cooke,Rocio,110630628,107
